metric,grad_cam,score_cam
insertion_auc,0.654515749554585,0.7634692457178922
deletion_auc,0.12160381656794853,0.07813081581175647
avg_time_seconds,10.722047569751739,277.3750582766533
